system:index,usgs,lat_lon
0,0,"-122.62,37.77"
1,0,"-122.6196,37.77"
2,0,"-122.6192,37.77"
3,0,"-122.61880000000001,37.77"
4,0,"-122.61840000000001,37.77"
5,0,"-122.61800000000001,37.77"
6,0,"-122.61760000000001,37.77"
7,0,"-122.61720000000001,37.77"
8,0,"-122.61680000000001,37.77"
9,0,"-122.61640000000001,37.77"
10,0,"-122.61600000000001,37.77"
11,0,"-122.61560000000001,37.77"
12,0,"-122.61520000000002,37.77"
13,0,"-122.61480000000002,37.77"
14,0,"-122.61440000000002,37.77"
15,0,"-122.61400000000002,37.77"
16,0,"-122.61360000000002,37.77"
17,0,"-122.61320000000002,37.77"
18,0,"-122.61280000000002,37.77"
19,0,"-122.61240000000002,37.77"
20,0,"-122.61200000000002,37.77"
21,0,"-122.61160000000002,37.77"
22,0,"-122.61120000000003,37.77"
23,0,"-122.61080000000003,37.77"
24,0,"-122.61040000000003,37.77"
25,0,"-122.61000000000003,37.77"
26,0,"-122.60960000000003,37.77"
27,0,"-122.60920000000003,37.77"
28,0,"-122.60880000000003,37.77"
29,0,"-122.60840000000003,37.77"
30,0,"-122.60800000000003,37.77"
31,0,"-122.60760000000003,37.77"
32,0,"-122.60720000000003,37.77"
33,0,"-122.60680000000004,37.77"
34,0,"-122.60640000000004,37.77"
35,0,"-122.60600000000004,37.77"
36,0,"-122.60560000000004,37.77"
37,0,"-122.60520000000004,37.77"
38,0,"-122.60480000000004,37.77"
39,0,"-122.60440000000004,37.77"
40,0,"-122.60400000000004,37.77"
41,0,"-122.60360000000004,37.77"
42,0,"-122.60320000000004,37.77"
43,0,"-122.60280000000004,37.77"
44,0,"-122.60240000000005,37.77"
45,0,"-122.60200000000005,37.77"
46,0,"-122.60160000000005,37.77"
47,0,"-122.60120000000005,37.77"
48,0,"-122.60080000000005,37.77"
49,0,"-122.60040000000005,37.77"
50,0,"-122.60000000000005,37.77"
51,0,"-122.59960000000005,37.77"
52,0,"-122.59920000000005,37.77"
53,0,"-122.59880000000005,37.77"
54,0,"-122.59840000000005,37.77"
55,0,"-122.59800000000006,37.77"
56,0,"-122.59760000000006,37.77"
57,0,"-122.59720000000006,37.77"
58,0,"-122.59680000000006,37.77"
59,0,"-122.59640000000006,37.77"
60,0,"-122.59600000000006,37.77"
61,0,"-122.59560000000006,37.77"
62,0,"-122.59520000000006,37.77"
63,0,"-122.59480000000006,37.77"
64,0,"-122.59440000000006,37.77"
65,0,"-122.59400000000007,37.77"
66,0,"-122.59360000000007,37.77"
67,0,"-122.59320000000007,37.77"
68,0,"-122.59280000000007,37.77"
69,0,"-122.59240000000007,37.77"
70,0,"-122.59200000000007,37.77"
71,0,"-122.59160000000007,37.77"
72,0,"-122.59120000000007,37.77"
73,0,"-122.59080000000007,37.77"
74,0,"-122.59040000000007,37.77"
75,0,"-122.59000000000007,37.77"
76,0,"-122.58960000000008,37.77"
77,0,"-122.58920000000008,37.77"
78,0,"-122.58880000000008,37.77"
79,0,"-122.58840000000008,37.77"
80,0,"-122.58800000000008,37.77"
81,0,"-122.58760000000008,37.77"
82,0,"-122.58720000000008,37.77"
83,0,"-122.58680000000008,37.77"
84,0,"-122.58640000000008,37.77"
85,0,"-122.58600000000008,37.77"
86,0,"-122.58560000000008,37.77"
87,0,"-122.58520000000009,37.77"
88,0,"-122.58480000000009,37.77"
89,0,"-122.58440000000009,37.77"
90,0,"-122.58400000000009,37.77"
91,0,"-122.58360000000009,37.77"
92,0,"-122.58320000000009,37.77"
93,0,"-122.58280000000009,37.77"
94,0,"-122.58240000000009,37.77"
95,0,"-122.5820000000001,37.77"
96,0,"-122.5816000000001,37.77"
97,0,"-122.5812000000001,37.77"
98,0,"-122.5808000000001,37.77"
99,0,"-122.5804000000001,37.77"
100,0,"-122.5800000000001,37.77"
101,0,"-122.5796000000001,37.77"
102,0,"-122.5792000000001,37.77"
103,0,"-122.5788000000001,37.77"
104,0,"-122.5784000000001,37.77"
105,0,"-122.5780000000001,37.77"
106,0,"-122.5776000000001,37.77"
107,0,"-122.5772000000001,37.77"
108,0,"-122.5768000000001,37.77"
109,0,"-122.5764000000001,37.77"
110,0,"-122.5760000000001,37.77"
111,0,"-122.57560000000011,37.77"
112,0,"-122.57520000000011,37.77"
113,0,"-122.57480000000011,37.77"
114,0,"-122.57440000000011,37.77"
115,0,"-122.57400000000011,37.77"
116,0,"-122.57360000000011,37.77"
117,0,"-122.57320000000011,37.77"
118,0,"-122.57280000000011,37.77"
119,0,"-122.57240000000012,37.77"
120,0,"-122.57200000000012,37.77"
121,0,"-122.57160000000012,37.77"
122,0,"-122.57120000000012,37.77"
123,0,"-122.57080000000012,37.77"
124,0,"-122.57040000000012,37.77"
125,0,"-122.57000000000012,37.77"
126,0,"-122.56960000000012,37.77"
127,0,"-122.56920000000012,37.77"
128,0,"-122.56880000000012,37.77"
129,0,"-122.56840000000012,37.77"
130,0,"-122.56800000000013,37.77"
131,0,"-122.56760000000013,37.77"
132,0,"-122.56720000000013,37.77"
133,0,"-122.56680000000013,37.77"
134,0,"-122.56640000000013,37.77"
135,0,"-122.56600000000013,37.77"
136,0,"-122.56560000000013,37.77"
137,0,"-122.56520000000013,37.77"
138,0,"-122.56480000000013,37.77"
139,0,"-122.56440000000013,37.77"
140,0,"-122.56400000000014,37.77"
141,0,"-122.56360000000014,37.77"
142,0,"-122.56320000000014,37.77"
143,0,"-122.56280000000014,37.77"
144,0,"-122.56240000000014,37.77"
145,0,"-122.56200000000014,37.77"
146,0,"-122.56160000000014,37.77"
147,0,"-122.56120000000014,37.77"
148,0,"-122.56080000000014,37.77"
149,0,"-122.56040000000014,37.77"
150,0,"-122.56000000000014,37.77"
151,0,"-122.55960000000015,37.77"
152,0,"-122.55920000000015,37.77"
153,0,"-122.55880000000015,37.77"
154,0,"-122.55840000000015,37.77"
155,0,"-122.55800000000015,37.77"
156,0,"-122.55760000000015,37.77"
157,0,"-122.55720000000015,37.77"
158,0,"-122.55680000000015,37.77"
159,0,"-122.55640000000015,37.77"
160,0,"-122.55600000000015,37.77"
161,0,"-122.55560000000015,37.77"
162,0,"-122.55520000000016,37.77"
163,0,"-122.55480000000016,37.77"
164,0,"-122.55440000000016,37.77"
165,0,"-122.55400000000016,37.77"
166,0,"-122.55360000000016,37.77"
167,0,"-122.55320000000016,37.77"
168,0,"-122.55280000000016,37.77"
169,0,"-122.55240000000016,37.77"
170,0,"-122.55200000000016,37.77"
171,0,"-122.55160000000016,37.77"
172,0,"-122.55120000000016,37.77"
173,0,"-122.55080000000017,37.77"
174,0,"-122.55040000000017,37.77"
175,0,"-122.55000000000017,37.77"
176,0,"-122.54960000000017,37.77"
177,0,"-122.54920000000017,37.77"
178,0,"-122.54880000000017,37.77"
179,0,"-122.54840000000017,37.77"
180,0,"-122.54800000000017,37.77"
181,0,"-122.54760000000017,37.77"
182,0,"-122.54720000000017,37.77"
183,0,"-122.54680000000018,37.77"
184,0,"-122.54640000000018,37.77"
185,0,"-122.54600000000018,37.77"
186,0,"-122.54560000000018,37.77"
187,0,"-122.54520000000018,37.77"
188,0,"-122.54480000000018,37.77"
189,0,"-122.54440000000018,37.77"
190,0,"-122.54400000000018,37.77"
191,0,"-122.54360000000018,37.77"
192,0,"-122.54320000000018,37.77"
193,0,"-122.54280000000018,37.77"
194,0,"-122.54240000000019,37.77"
195,0,"-122.54200000000019,37.77"
196,0,"-122.54160000000019,37.77"
197,0,"-122.54120000000019,37.77"
198,0,"-122.54080000000019,37.77"
199,0,"-122.54040000000019,37.77"
200,0,"-122.54000000000019,37.77"
201,0,"-122.53960000000019,37.77"
202,0,"-122.53920000000019,37.77"
203,0,"-122.5388000000002,37.77"
204,0,"-122.5384000000002,37.77"
205,0,"-122.5380000000002,37.77"
206,0,"-122.5376000000002,37.77"
207,0,"-122.5372000000002,37.77"
208,0,"-122.5368000000002,37.77"
209,0,"-122.5364000000002,37.77"
210,0,"-122.5360000000002,37.77"
211,0,"-122.5356000000002,37.77"
212,0,"-122.5352000000002,37.77"
213,0,"-122.5348000000002,37.77"
214,0,"-122.5344000000002,37.77"
215,0,"-122.5340000000002,37.77"
216,0,"-122.5336000000002,37.77"
217,0,"-122.5332000000002,37.77"
218,0,"-122.53280000000021,37.77"
219,0,"-122.53240000000021,37.77"
220,0,"-122.53200000000021,37.77"
221,0,"-122.53160000000021,37.77"
222,0,"-122.53120000000021,37.77"
223,0,"-122.53080000000021,37.77"
224,0,"-122.53040000000021,37.77"
225,0,"-122.53000000000021,37.77"
226,0,"-122.52960000000022,37.77"
227,0,"-122.52920000000022,37.77"
228,0,"-122.52880000000022,37.77"
229,0,"-122.52840000000022,37.77"
230,0,"-122.52800000000022,37.77"
231,0,"-122.52760000000022,37.77"
232,0,"-122.52720000000022,37.77"
233,0,"-122.52680000000022,37.77"
234,0,"-122.52640000000022,37.77"
235,0,"-122.52600000000022,37.77"
236,0,"-122.52560000000022,37.77"
237,0,"-122.52520000000023,37.77"
238,0,"-122.52480000000023,37.77"
239,0,"-122.52440000000023,37.77"
240,0,"-122.52400000000023,37.77"
241,0,"-122.52360000000023,37.77"
242,0,"-122.52320000000023,37.77"
243,0,"-122.52280000000023,37.77"
244,0,"-122.52240000000023,37.77"
245,0,"-122.52200000000023,37.77"
246,0,"-122.52160000000023,37.77"
247,0,"-122.52120000000023,37.77"
248,0,"-122.52080000000024,37.77"
249,0,"-122.52040000000024,37.77"
250,0,"-122.52000000000024,37.77"
251,0,"-122.51960000000024,37.77"
252,0,"-122.51920000000024,37.77"
253,0,"-122.51880000000024,37.77"
254,0,"-122.51840000000024,37.77"
255,1.45E-07,"-122.51800000000024,37.77"
256,1.95E-04,"-122.51760000000024,37.77"
257,0.001654978,"-122.51720000000024,37.77"
258,-0.001639546,"-122.51680000000025,37.77"
259,-0.020978267,"-122.51640000000025,37.77"
260,-0.037316424,"-122.51600000000025,37.77"
261,-0.026205471,"-122.51560000000025,37.77"
262,-0.009838216,"-122.51520000000025,37.77"
263,-0.005149029,"-122.51480000000025,37.77"
264,0.003275614,"-122.51440000000025,37.77"
265,0.012138496,"-122.51400000000025,37.77"
266,0.201907711,"-122.51360000000025,37.77"
267,0.698612811,"-122.51320000000025,37.77"
268,1.380382201,"-122.51280000000025,37.77"
269,2.386834857,"-122.51240000000026,37.77"
270,4.67050998,"-122.51200000000026,37.77"
271,4.726904089,"-122.51160000000026,37.77"
272,7.487494262,"-122.51120000000026,37.77"
273,8.068394437,"-122.51080000000026,37.77"
274,8.510251335,"-122.51040000000026,37.77"
275,8.716132525,"-122.51000000000026,37.77"
276,11.35935006,"-122.50960000000026,37.77"
277,11.46092978,"-122.50920000000026,37.77"
278,11.34326611,"-122.50880000000026,37.77"
279,11.61141915,"-122.50840000000026,37.77"
280,11.83093442,"-122.50800000000027,37.77"
281,12.7450427,"-122.50760000000027,37.77"
282,12.98350555,"-122.50720000000027,37.77"
283,13.69801633,"-122.50680000000027,37.77"
284,16.4542464,"-122.50640000000027,37.77"
285,18.31501643,"-122.50600000000027,37.77"
286,19.58782197,"-122.50560000000027,37.77"
287,20.67460867,"-122.50520000000027,37.77"
288,22.00247244,"-122.50480000000027,37.77"
289,22.50066666,"-122.50440000000027,37.77"
290,21.94526922,"-122.50400000000027,37.77"
291,21.8521044,"-122.50360000000028,37.77"
292,21.81207708,"-122.50320000000028,37.77"
293,20.74300605,"-122.50280000000028,37.77"
294,20.75930563,"-122.50240000000028,37.77"
295,23.63664416,"-122.50200000000028,37.77"
296,25.27429199,"-122.50160000000028,37.77"
297,27.06651377,"-122.50120000000028,37.77"
298,30.05650598,"-122.50080000000028,37.77"
299,31.54128679,"-122.50040000000028,37.77"
300,32.59590017,"-122.50000000000028,37.77"
301,32.80313041,"-122.49960000000029,37.77"
302,32.25704116,"-122.49920000000029,37.77"
303,31.29973071,"-122.49880000000029,37.77"
304,30.13127681,"-122.49840000000029,37.77"
305,29.58499643,"-122.49800000000029,37.77"
306,29.73117379,"-122.49760000000029,37.77"
307,30.47389774,"-122.49720000000029,37.77"
308,30.75953867,"-122.49680000000029,37.77"
309,31.34487761,"-122.49640000000029,37.77"
310,35.28827348,"-122.4960000000003,37.77"
311,38.30241619,"-122.4956000000003,37.77"
312,38.9819864,"-122.4952000000003,37.77"
313,38.89756379,"-122.4948000000003,37.77"
314,39.16889954,"-122.4944000000003,37.77"
315,39.75896199,"-122.4940000000003,37.77"
316,36.58302946,"-122.4936000000003,37.77"
317,28.61379046,"-122.4932000000003,37.77"
318,28.03111356,"-122.4928000000003,37.77"
319,30.92998827,"-122.4924000000003,37.77"
320,34.54420736,"-122.4920000000003,37.77"
321,39.16944651,"-122.4916000000003,37.77"
322,40.31382184,"-122.4912000000003,37.77"
323,41.20584392,"-122.4908000000003,37.77"
324,42.39065618,"-122.4904000000003,37.77"
325,44.49577249,"-122.49000000000031,37.77"
326,46.60921097,"-122.48960000000031,37.77"
327,48.40377609,"-122.48920000000031,37.77"
328,49.4886295,"-122.48880000000031,37.77"
329,52.17883533,"-122.48840000000031,37.77"
330,54.36657651,"-122.48800000000031,37.77"
331,56.7841976,"-122.48760000000031,37.77"
332,57.52129973,"-122.48720000000031,37.77"
333,55.3541565,"-122.48680000000031,37.77"
334,50.98176063,"-122.48640000000032,37.77"
335,49.63974744,"-122.48600000000032,37.77"
336,52.67839018,"-122.48560000000032,37.77"
337,54.00148014,"-122.48520000000032,37.77"
338,54.72831966,"-122.48480000000032,37.77"
339,54.91935059,"-122.48440000000032,37.77"
340,55.21925391,"-122.48400000000032,37.77"
341,54.72622603,"-122.48360000000032,37.77"
342,54.93690109,"-122.48320000000032,37.77"
343,55.40008738,"-122.48280000000032,37.77"
344,55.65730709,"-122.48240000000033,37.77"
345,58.05704571,"-122.48200000000033,37.77"
346,60.68235655,"-122.48160000000033,37.77"
347,63.26876261,"-122.48120000000033,37.77"
348,67.31845781,"-122.48080000000033,37.77"
349,68.95768329,"-122.48040000000033,37.77"
350,69.72811402,"-122.48000000000033,37.77"
351,69.41970089,"-122.47960000000033,37.77"
352,70.99909047,"-122.47920000000033,37.77"
353,74.82430499,"-122.47880000000033,37.77"
354,77.32283883,"-122.47840000000033,37.77"
355,81.49004836,"-122.47800000000034,37.77"
356,86.37843598,"-122.47760000000034,37.77"
357,88.60179785,"-122.47720000000034,37.77"
358,88.61040579,"-122.47680000000034,37.77"
359,88.61038817,"-122.47640000000034,37.77"
360,88.61452095,"-122.47600000000034,37.77"
361,88.60893442,"-122.47560000000034,37.77"
362,87.67221827,"-122.47520000000034,37.77"
363,85.79287916,"-122.47480000000034,37.77"
364,79.61052632,"-122.47440000000034,37.77"
365,76.51105415,"-122.47400000000034,37.77"
366,76.49710852,"-122.47360000000035,37.77"
367,76.58951856,"-122.47320000000035,37.77"
368,77.1167961,"-122.47280000000035,37.77"
369,79.1591831,"-122.47240000000035,37.77"
370,83.12387272,"-122.47200000000035,37.77"
371,84.42603711,"-122.47160000000035,37.77"
372,82.62712433,"-122.47120000000035,37.77"
373,81.34787554,"-122.47080000000035,37.77"
374,78.6701389,"-122.47040000000035,37.77"
375,77.22411676,"-122.47000000000035,37.77"
376,76.89631621,"-122.46960000000036,37.77"
377,75.91362166,"-122.46920000000036,37.77"
378,75.92038965,"-122.46880000000036,37.77"
379,75.90778088,"-122.46840000000036,37.77"
380,75.83577405,"-122.46800000000036,37.77"
381,75.17687949,"-122.46760000000036,37.77"
382,74.34579986,"-122.46720000000036,37.77"
383,74.56002396,"-122.46680000000036,37.77"
384,76.15501497,"-122.46640000000036,37.77"
385,77.05173475,"-122.46600000000036,37.77"
386,78.30908992,"-122.46560000000036,37.77"
387,79.5646908,"-122.46520000000037,37.77"
388,81.33574527,"-122.46480000000037,37.77"
389,82.08952277,"-122.46440000000037,37.77"
390,82.55598661,"-122.46400000000037,37.77"
391,82.054954,"-122.46360000000037,37.77"
392,81.16585483,"-122.46320000000037,37.77"
393,79.90043789,"-122.46280000000037,37.77"
394,78.23594523,"-122.46240000000037,37.77"
395,75.81889032,"-122.46200000000037,37.77"
396,71.12071331,"-122.46160000000037,37.77"
397,67.9421957,"-122.46120000000037,37.77"
398,68.11672803,"-122.46080000000038,37.77"
399,77.33170378,"-122.46040000000038,37.77"
400,77.37231624,"-122.46000000000038,37.77"
401,77.05228949,"-122.45960000000038,37.77"
402,76.77440168,"-122.45920000000038,37.77"
403,76.99950862,"-122.45880000000038,37.77"
404,77.02799988,"-122.45840000000038,37.77"
405,77.02799988,"-122.45800000000038,37.77"
406,77.02799988,"-122.45760000000038,37.77"
407,77.04363306,"-122.45720000000038,37.77"
408,75.5925451,"-122.45680000000038,37.77"
409,74.45463807,"-122.45640000000039,37.77"
410,74.53463936,"-122.45600000000039,37.77"
411,75.46982187,"-122.45560000000039,37.77"
412,76.34427898,"-122.45520000000039,37.77"
413,76.83747743,"-122.45480000000039,37.77"
414,77.22278539,"-122.45440000000039,37.77"
415,77.76249612,"-122.45400000000039,37.77"
416,78.28710801,"-122.45360000000039,37.77"
417,78.63242158,"-122.4532000000004,37.77"
418,78.94328434,"-122.4528000000004,37.77"
419,79.07661036,"-122.4524000000004,37.77"
420,79.07644181,"-122.4520000000004,37.77"
421,78.92266654,"-122.4516000000004,37.77"
422,78.95144081,"-122.4512000000004,37.77"
423,79.20187964,"-122.4508000000004,37.77"
424,79.3848717,"-122.4504000000004,37.77"
425,79.41689989,"-122.4500000000004,37.77"
426,79.70871095,"-122.4496000000004,37.77"
427,80.02348606,"-122.4492000000004,37.77"
428,80.23098904,"-122.4488000000004,37.77"
429,80.55910212,"-122.4484000000004,37.77"
430,80.77711393,"-122.4480000000004,37.77"
431,80.80857932,"-122.4476000000004,37.77"
432,81.21687647,"-122.44720000000041,37.77"
433,81.60950955,"-122.44680000000041,37.77"
434,81.90958301,"-122.44640000000041,37.77"
435,82.37413638,"-122.44600000000041,37.77"
436,82.75634652,"-122.44560000000041,37.77"
437,83.26577309,"-122.44520000000041,37.77"
438,84.00389593,"-122.44480000000041,37.77"
439,85.12709225,"-122.44440000000041,37.77"
440,86.40526317,"-122.44400000000041,37.77"
441,88.13721313,"-122.44360000000042,37.77"
442,89.53833086,"-122.44320000000042,37.77"
443,92.06452868,"-122.44280000000042,37.77"
444,94.72897228,"-122.44240000000042,37.77"
445,98.92993942,"-122.44200000000042,37.77"
446,102.6479629,"-122.44160000000042,37.77"
447,104.5089485,"-122.44120000000042,37.77"
448,106.196497,"-122.44080000000042,37.77"
449,107.5638451,"-122.44040000000042,37.77"
450,108.3670179,"-122.44000000000042,37.77"
451,104.6914703,"-122.43960000000042,37.77"
452,98.75108002,"-122.43920000000043,37.77"
453,94.14417901,"-122.43880000000043,37.77"
454,90.66992318,"-122.43840000000043,37.77"
455,86.88591238,"-122.43800000000043,37.77"
456,84.79508389,"-122.43760000000043,37.77"
457,80.10373535,"-122.43720000000043,37.77"
458,74.7324061,"-122.43680000000043,37.77"
459,72.55946009,"-122.43640000000043,37.77"
460,67.80004896,"-122.43600000000043,37.77"
461,62.03522441,"-122.43560000000043,37.77"
462,58.90019615,"-122.43520000000044,37.77"
463,56.07109209,"-122.43480000000044,37.77"
464,53.66332213,"-122.43440000000044,37.77"
465,50.51441901,"-122.43400000000044,37.77"
466,47.1559401,"-122.43360000000044,37.77"
467,45.51660391,"-122.43320000000044,37.77"
468,44.31385873,"-122.43280000000044,37.77"
469,42.65410525,"-122.43240000000044,37.77"
470,41.34695782,"-122.43200000000044,37.77"
471,40.25646485,"-122.43160000000044,37.77"
472,39.175153,"-122.43120000000044,37.77"
473,38.68121685,"-122.43080000000045,37.77"
474,38.51694423,"-122.43040000000045,37.77"
475,38.82596659,"-122.43000000000045,37.77"
476,39.32387075,"-122.42960000000045,37.77"
477,39.82183071,"-122.42920000000045,37.77"
478,39.96565412,"-122.42880000000045,37.77"
479,40.95728491,"-122.42840000000045,37.77"
480,46.52081676,"-122.42800000000045,37.77"
481,47.81254587,"-122.42760000000045,37.77"
482,47.45875356,"-122.42720000000045,37.77"
483,44.52780554,"-122.42680000000045,37.77"
484,38.94767994,"-122.42640000000046,37.77"
485,33.04862653,"-122.42600000000046,37.77"
486,30.3959752,"-122.42560000000046,37.77"
487,29.33142801,"-122.42520000000046,37.77"
488,27.34116124,"-122.42480000000046,37.77"
489,25.23572146,"-122.42440000000046,37.77"
490,23.52980908,"-122.42400000000046,37.77"
491,20.77613187,"-122.42360000000046,37.77"
492,17.97932572,"-122.42320000000046,37.77"
493,16.04957065,"-122.42280000000046,37.77"
494,14.95606525,"-122.42240000000047,37.77"
495,13.8976663,"-122.42200000000047,37.77"
496,13.08064827,"-122.42160000000047,37.77"
497,11.79990602,"-122.42120000000047,37.77"
498,10.96954487,"-122.42080000000047,37.77"
499,10.20838562,"-122.42040000000047,37.77"
500,9.468053783,"-122.42000000000047,37.77"
501,8.669860962,"-122.41960000000047,37.77"
502,8.233970326,"-122.41920000000047,37.77"
503,7.887963303,"-122.41880000000047,37.77"
504,7.633751561,"-122.41840000000047,37.77"
505,7.498751949,"-122.41800000000048,37.77"
506,7.23708643,"-122.41760000000048,37.77"
507,7.079122244,"-122.41720000000048,37.77"
508,6.924000263,"-122.41680000000048,37.77"
509,6.924000263,"-122.41640000000048,37.77"
510,6.924000263,"-122.41600000000048,37.77"
511,6.924000263,"-122.41560000000048,37.77"
512,6.924000263,"-122.41520000000048,37.77"
513,6.924000263,"-122.41480000000048,37.77"
514,6.924000263,"-122.41440000000048,37.77"
515,6.924000263,"-122.41400000000048,37.77"
516,6.924000263,"-122.41360000000049,37.77"
517,6.924000263,"-122.41320000000049,37.77"
518,6.923021802,"-122.41280000000049,37.77"
519,6.920645662,"-122.41240000000049,37.77"
520,6.925737509,"-122.41200000000049,37.77"
521,6.948129109,"-122.41160000000049,37.77"
522,6.888046126,"-122.41120000000049,37.77"
523,6.527358084,"-122.41080000000049,37.77"
524,5.662384364,"-122.4104000000005,37.77"
525,5.564165009,"-122.4100000000005,37.77"
526,5.436674033,"-122.4096000000005,37.77"
527,5.281109408,"-122.4092000000005,37.77"
528,5.34595415,"-122.4088000000005,37.77"
529,5.921680312,"-122.4084000000005,37.77"
530,5.027941219,"-122.4080000000005,37.77"
531,5.34962269,"-122.4076000000005,37.77"
532,5.062967804,"-122.4072000000005,37.77"
533,5.034495668,"-122.4068000000005,37.77"
534,4.881670641,"-122.4064000000005,37.77"
535,4.730506286,"-122.4060000000005,37.77"
536,4.385359154,"-122.4056000000005,37.77"
537,4.146198301,"-122.4052000000005,37.77"
538,4.127274708,"-122.4048000000005,37.77"
539,4.085558001,"-122.4044000000005,37.77"
540,4.153976503,"-122.40400000000051,37.77"
541,4.139285305,"-122.40360000000051,37.77"
542,4.12108363,"-122.40320000000051,37.77"
543,3.969085114,"-122.40280000000051,37.77"
544,3.788048362,"-122.40240000000051,37.77"
545,3.893363257,"-122.40200000000051,37.77"
546,4.00165781,"-122.40160000000051,37.77"
547,3.962779459,"-122.40120000000051,37.77"
548,3.842655019,"-122.40080000000052,37.77"
549,3.934161213,"-122.40040000000052,37.77"
550,4.488089741,"-122.40000000000052,37.77"
551,3.480285802,"-122.39960000000052,37.77"
552,3.395411698,"-122.39920000000052,37.77"
553,3.93632738,"-122.39880000000052,37.77"
554,3.245920631,"-122.39840000000052,37.77"
555,3.807286231,"-122.39800000000052,37.77"
556,3.805450526,"-122.39760000000052,37.77"
557,3.292087405,"-122.39720000000052,37.77"
558,3.031744346,"-122.39680000000052,37.77"
559,3.322343463,"-122.39640000000053,37.77"
560,3.283951776,"-122.39600000000053,37.77"
561,6.445432413,"-122.39560000000053,37.77"
562,3.719972552,"-122.39520000000053,37.77"
563,3.151294905,"-122.39480000000053,37.77"
564,3.187477851,"-122.39440000000053,37.77"
565,5.668376786,"-122.39400000000053,37.77"
566,6.575384927,"-122.39360000000053,37.77"
567,6.483165322,"-122.39320000000053,37.77"
568,3.760026299,"-122.39280000000053,37.77"
569,3.634152655,"-122.39240000000053,37.77"
570,3.861150619,"-122.39200000000054,37.77"
571,4.342454214,"-122.39160000000054,37.77"
572,3.665587291,"-122.39120000000054,37.77"
573,3.534618619,"-122.39080000000054,37.77"
574,3.311416543,"-122.39040000000054,37.77"
575,3.40525912,"-122.39000000000054,37.77"
576,3.365420755,"-122.38960000000054,37.77"
577,3.426554743,"-122.38920000000054,37.77"
578,3.617689887,"-122.38880000000054,37.77"
579,3.839117325,"-122.38840000000054,37.77"
580,3.535819739,"-122.38800000000055,37.77"
581,3.446004138,"-122.38760000000055,37.77"
582,3.407919454,"-122.38720000000055,37.77"
583,3.197666417,"-122.38680000000055,37.77"
584,3.043624295,"-122.38640000000055,37.77"
585,3.381950271,"-122.38600000000055,37.77"
586,2.29826753,"-122.38560000000055,37.77"
587,1.18E-38,"-122.38520000000055,37.77"
588,1.18E-38,"-122.38480000000055,37.77"
589,1.18E-38,"-122.38440000000055,37.77"
590,1.18E-38,"-122.38400000000055,37.77"
591,1.18E-38,"-122.38360000000056,37.77"
592,1.18E-38,"-122.38320000000056,37.77"
593,1.18E-38,"-122.38280000000056,37.77"
594,1.18E-38,"-122.38240000000056,37.77"
595,1.18E-38,"-122.38200000000056,37.77"
596,1.18E-38,"-122.38160000000056,37.77"
597,1.18E-38,"-122.38120000000056,37.77"
598,-2.39E-07,"-122.38080000000056,37.77"
599,2.64E-04,"-122.38040000000056,37.77"
600,0.0019821,"-122.38000000000056,37.77"
601,-0.002011369,"-122.37960000000056,37.77"
602,-0.026058909,"-122.37920000000057,37.77"
603,0.097321935,"-122.37880000000057,37.77"
604,-0.001271903,"-122.37840000000057,37.77"
605,-0.002932835,"-122.37800000000057,37.77"
606,0.001311115,"-122.37760000000057,37.77"
607,0.00137087,"-122.37720000000057,37.77"
608,5.22E-05,"-122.37680000000057,37.77"
609,0,"-122.37640000000057,37.77"
610,0,"-122.37600000000057,37.77"
611,0,"-122.37560000000057,37.77"
612,0,"-122.37520000000058,37.77"
613,0,"-122.37480000000058,37.77"
614,0,"-122.37440000000058,37.77"
615,0,"-122.37400000000058,37.77"
616,0,"-122.37360000000058,37.77"
617,0,"-122.37320000000058,37.77"
618,0,"-122.37280000000058,37.77"
619,0,"-122.37240000000058,37.77"
620,0,"-122.37200000000058,37.77"
621,0,"-122.37160000000058,37.77"
622,0,"-122.37120000000058,37.77"
623,0,"-122.37080000000059,37.77"
624,0,"-122.37040000000059,37.77"
625,0,"-122.37000000000059,37.77"
626,0,"-122.36960000000059,37.77"
627,0,"-122.36920000000059,37.77"
628,0,"-122.36880000000059,37.77"
629,0,"-122.36840000000059,37.77"
630,0,"-122.36800000000059,37.77"
631,0,"-122.36760000000059,37.77"
632,0,"-122.3672000000006,37.77"
633,0,"-122.3668000000006,37.77"
634,0,"-122.3664000000006,37.77"
635,0,"-122.3660000000006,37.77"
636,0,"-122.3656000000006,37.77"
637,0,"-122.3652000000006,37.77"
638,0,"-122.3648000000006,37.77"
639,0,"-122.3644000000006,37.77"
640,0,"-122.3640000000006,37.77"
641,0,"-122.3636000000006,37.77"
642,0,"-122.3632000000006,37.77"
643,0,"-122.3628000000006,37.77"
644,0,"-122.3624000000006,37.77"
645,0,"-122.3620000000006,37.77"
646,0,"-122.3616000000006,37.77"
647,0,"-122.36120000000061,37.77"
648,0,"-122.36080000000061,37.77"
649,0,"-122.36040000000061,37.77"
650,0,"-122.36000000000061,37.77"
651,0,"-122.35960000000061,37.77"
652,0,"-122.35920000000061,37.77"
653,0,"-122.35880000000061,37.77"
654,0,"-122.35840000000061,37.77"
655,0,"-122.35800000000062,37.77"
656,0,"-122.35760000000062,37.77"
657,0,"-122.35720000000062,37.77"
658,0,"-122.35680000000062,37.77"
659,0,"-122.35640000000062,37.77"
660,0,"-122.35600000000062,37.77"
661,0,"-122.35560000000062,37.77"
662,0,"-122.35520000000062,37.77"
663,0,"-122.35480000000062,37.77"
664,0,"-122.35440000000062,37.77"
665,0,"-122.35400000000062,37.77"
666,0,"-122.35360000000063,37.77"
667,0,"-122.35320000000063,37.77"
668,0,"-122.35280000000063,37.77"
669,0,"-122.35240000000063,37.77"
670,0,"-122.35200000000063,37.77"
671,0,"-122.35160000000063,37.77"
672,0,"-122.35120000000063,37.77"
673,0,"-122.35080000000063,37.77"
674,0,"-122.35040000000063,37.77"
675,0,"-122.35000000000063,37.77"
676,0,"-122.34960000000063,37.77"
677,0,"-122.34920000000064,37.77"
678,0,"-122.34880000000064,37.77"
679,0,"-122.34840000000064,37.77"
680,0,"-122.34800000000064,37.77"
681,0,"-122.34760000000064,37.77"
682,0,"-122.34720000000064,37.77"
683,0,"-122.34680000000064,37.77"
684,0,"-122.34640000000064,37.77"
685,0,"-122.34600000000064,37.77"
686,0,"-122.34560000000064,37.77"
687,0,"-122.34520000000064,37.77"
688,0,"-122.34480000000065,37.77"
689,0,"-122.34440000000065,37.77"
690,0,"-122.34400000000065,37.77"
691,0,"-122.34360000000065,37.77"
692,0,"-122.34320000000065,37.77"
693,0,"-122.34280000000065,37.77"
694,0,"-122.34240000000065,37.77"
695,0,"-122.34200000000065,37.77"
696,0,"-122.34160000000065,37.77"
697,0.001259303,"-122.34120000000065,37.77"
698,0.002951348,"-122.34080000000066,37.77"
699,0.007914763,"-122.34040000000066,37.77"
700,0.030097485,"-122.34000000000066,37.77"
701,0.044833618,"-122.33960000000066,37.77"
702,0.054471236,"-122.33920000000066,37.77"
703,0.0687256,"-122.33880000000066,37.77"
704,0.073633057,"-122.33840000000066,37.77"
705,0.07590412,"-122.33800000000066,37.77"
706,0.077954003,"-122.33760000000066,37.77"
707,0.078059817,"-122.33720000000066,37.77"
708,0.078059872,"-122.33680000000066,37.77"
709,0.078059743,"-122.33640000000067,37.77"
710,0.078059762,"-122.33600000000067,37.77"
711,0.07805974,"-122.33560000000067,37.77"
712,0.078059835,"-122.33520000000067,37.77"
713,0.078059873,"-122.33480000000067,37.77"
714,0.078059818,"-122.33440000000067,37.77"
715,0.078059838,"-122.33400000000067,37.77"
716,0.078059763,"-122.33360000000067,37.77"
717,0.083614488,"-122.33320000000067,37.77"
718,0.076118598,"-122.33280000000067,37.77"
719,0.07596093,"-122.33240000000067,37.77"
720,0.07605626,"-122.33200000000068,37.77"
721,0.076151173,"-122.33160000000068,37.77"
722,0.076185085,"-122.33120000000068,37.77"
723,0.076191062,"-122.33080000000068,37.77"
724,0.076191412,"-122.33040000000068,37.77"
725,0.076191253,"-122.33000000000068,37.77"
726,0.076191569,"-122.32960000000068,37.77"
727,0.076196325,"-122.32920000000068,37.77"
728,0.076221219,"-122.32880000000068,37.77"
729,0.07628185,"-122.32840000000068,37.77"
730,0.076290119,"-122.32800000000069,37.77"
731,0.076021906,"-122.32760000000069,37.77"
732,0.073115907,"-122.32720000000069,37.77"
733,0.072926164,"-122.32680000000069,37.77"
734,0.072705601,"-122.32640000000069,37.77"
735,0.072728889,"-122.32600000000069,37.77"
736,0.072783791,"-122.32560000000069,37.77"
737,0.072804677,"-122.32520000000069,37.77"
738,0.072808096,"-122.32480000000069,37.77"
739,0.072808318,"-122.3244000000007,37.77"
740,0.072808153,"-122.3240000000007,37.77"
741,0.072809093,"-122.3236000000007,37.77"
742,0.072819827,"-122.3232000000007,37.77"
743,0.072882737,"-122.3228000000007,37.77"
744,0.073132771,"-122.3224000000007,37.77"
745,0.073783395,"-122.3220000000007,37.77"
746,0.074877596,"-122.3216000000007,37.77"
747,0.069730888,"-122.3212000000007,37.77"
748,0.070436475,"-122.3208000000007,37.77"
749,0.070436491,"-122.3204000000007,37.77"
750,0.035639934,"-122.3200000000007,37.77"
751,-0.07052042,"-122.3196000000007,37.77"
752,-0.072109963,"-122.3192000000007,37.77"
753,1.18E-38,"-122.3188000000007,37.77"
754,1.18E-38,"-122.31840000000071,37.77"
755,1.18E-38,"-122.31800000000071,37.77"
756,1.18E-38,"-122.31760000000071,37.77"
757,1.18E-38,"-122.31720000000071,37.77"
758,1.18E-38,"-122.31680000000071,37.77"
759,1.18E-38,"-122.31640000000071,37.77"
760,1.18E-38,"-122.31600000000071,37.77"
761,1.18E-38,"-122.31560000000071,37.77"
762,1.18E-38,"-122.31520000000071,37.77"
763,1.18E-38,"-122.31480000000072,37.77"
764,1.18E-38,"-122.31440000000072,37.77"
765,1.18E-38,"-122.31400000000072,37.77"
766,1.18E-38,"-122.31360000000072,37.77"
767,1.18E-38,"-122.31320000000072,37.77"
768,1.18E-38,"-122.31280000000072,37.77"
769,1.18E-38,"-122.31240000000072,37.77"
770,1.18E-38,"-122.31200000000072,37.77"
771,1.18E-38,"-122.31160000000072,37.77"
772,1.18E-38,"-122.31120000000072,37.77"
773,1.18E-38,"-122.31080000000073,37.77"
774,1.18E-38,"-122.31040000000073,37.77"
775,1.18E-38,"-122.31000000000073,37.77"
776,1.18E-38,"-122.30960000000073,37.77"
777,1.18E-38,"-122.30920000000073,37.77"
778,1.18E-38,"-122.30880000000073,37.77"
779,1.18E-38,"-122.30840000000073,37.77"
780,1.18E-38,"-122.30800000000073,37.77"
781,1.18E-38,"-122.30760000000073,37.77"
782,1.18E-38,"-122.30720000000073,37.77"
783,1.18E-38,"-122.30680000000073,37.77"
784,1.18E-38,"-122.30640000000074,37.77"
785,1.18E-38,"-122.30600000000074,37.77"
786,1.18E-38,"-122.30560000000074,37.77"
787,1.18E-38,"-122.30520000000074,37.77"
788,1.18E-38,"-122.30480000000074,37.77"
789,1.18E-38,"-122.30440000000074,37.77"
790,1.18E-38,"-122.30400000000074,37.77"
791,1.18E-38,"-122.30360000000074,37.77"
792,1.18E-38,"-122.30320000000074,37.77"
793,1.18E-38,"-122.30280000000074,37.77"
794,1.18E-38,"-122.30240000000074,37.77"
795,1.18E-38,"-122.30200000000075,37.77"
796,1.18E-38,"-122.30160000000075,37.77"
797,1.18E-38,"-122.30120000000075,37.77"
798,1.18E-38,"-122.30080000000075,37.77"
799,1.18E-38,"-122.30040000000075,37.77"
800,1.18E-38,"-122.30000000000075,37.77"
801,1.18E-38,"-122.29960000000075,37.77"
802,1.18E-38,"-122.29920000000075,37.77"
803,1.18E-38,"-122.29880000000075,37.77"
804,1.18E-38,"-122.29840000000075,37.77"
805,1.18E-38,"-122.29800000000075,37.77"
806,1.18E-38,"-122.29760000000076,37.77"
807,1.18E-38,"-122.29720000000076,37.77"
808,1.18E-38,"-122.29680000000076,37.77"
809,1.18E-38,"-122.29640000000076,37.77"
810,1.18E-38,"-122.29600000000076,37.77"
811,1.18E-38,"-122.29560000000076,37.77"
812,1.18E-38,"-122.29520000000076,37.77"
813,1.18E-38,"-122.29480000000076,37.77"
814,1.18E-38,"-122.29440000000076,37.77"
815,1.18E-38,"-122.29400000000076,37.77"
816,1.18E-38,"-122.29360000000077,37.77"
817,1.18E-38,"-122.29320000000077,37.77"
818,-0.006206411,"-122.29280000000077,37.77"
819,1.055717762,"-122.29240000000077,37.77"
820,3.242267847,"-122.29200000000077,37.77"
821,3.863921759,"-122.29160000000077,37.77"
822,3.764466478,"-122.29120000000077,37.77"
823,3.59327604,"-122.29080000000077,37.77"
824,3.144570485,"-122.29040000000077,37.77"
825,3.142343151,"-122.29000000000077,37.77"
826,3.260401342,"-122.28960000000077,37.77"
827,3.311143286,"-122.28920000000078,37.77"
828,2.630581405,"-122.28880000000078,37.77"
829,3.748490059,"-122.28840000000078,37.77"
830,3.702553339,"-122.28800000000078,37.77"
831,3.654518612,"-122.28760000000078,37.77"
832,3.200487328,"-122.28720000000078,37.77"
833,1.276452018,"-122.28680000000078,37.77"
834,1.956371741,"-122.28640000000078,37.77"
835,2.824156369,"-122.28600000000078,37.77"
836,3.74605351,"-122.28560000000078,37.77"
837,4.146834448,"-122.28520000000078,37.77"
838,3.604747257,"-122.28480000000079,37.77"
839,3.875675492,"-122.28440000000079,37.77"
840,2.595150805,"-122.28400000000079,37.77"
841,0.725896062,"-122.28360000000079,37.77"
842,0.415633215,"-122.28320000000079,37.77"
843,0.00432801,"-122.28280000000079,37.77"
844,1.18E-38,"-122.28240000000079,37.77"
845,1.18E-38,"-122.28200000000079,37.77"
846,2.643528848,"-122.2816000000008,37.77"
847,3.627216374,"-122.2812000000008,37.77"
848,3.946238942,"-122.2808000000008,37.77"
849,3.879727136,"-122.2804000000008,37.77"
850,3.679564082,"-122.2800000000008,37.77"
851,3.546934027,"-122.2796000000008,37.77"
852,3.830214014,"-122.2792000000008,37.77"
853,3.97790188,"-122.2788000000008,37.77"
854,3.788430812,"-122.2784000000008,37.77"
855,4.765216583,"-122.2780000000008,37.77"
856,4.819336988,"-122.2776000000008,37.77"
857,4.79704862,"-122.2772000000008,37.77"
858,4.536852945,"-122.2768000000008,37.77"
859,4.431012361,"-122.2764000000008,37.77"
860,4.139235284,"-122.2760000000008,37.77"
861,3.427310077,"-122.27560000000081,37.77"
862,3.327375819,"-122.27520000000081,37.77"
863,4.119786183,"-122.27480000000081,37.77"
864,6.614369165,"-122.27440000000081,37.77"
865,7.670626343,"-122.27400000000081,37.77"
866,7.698088708,"-122.27360000000081,37.77"
867,7.797228717,"-122.27320000000081,37.77"
868,7.460793424,"-122.27280000000081,37.77"
869,8.032401626,"-122.27240000000081,37.77"
870,7.815154745,"-122.27200000000082,37.77"
871,8.200772798,"-122.27160000000082,37.77"
872,8.425078636,"-122.27120000000082,37.77"
873,8.240191685,"-122.27080000000082,37.77"
874,8.576335132,"-122.27040000000082,37.77"
875,8.697127704,"-122.27000000000082,37.77"
876,8.771525615,"-122.26960000000082,37.77"
877,8.567937505,"-122.26920000000082,37.77"
878,8.925959768,"-122.26880000000082,37.77"
879,9.051801964,"-122.26840000000082,37.77"
880,9.199097765,"-122.26800000000082,37.77"
881,9.354286262,"-122.26760000000083,37.77"
882,9.518802874,"-122.26720000000083,37.77"
883,9.604243648,"-122.26680000000083,37.77"
884,9.659091149,"-122.26640000000083,37.77"
885,9.268519195,"-122.26600000000083,37.77"
886,9.864695861,"-122.26560000000083,37.77"
887,9.930138918,"-122.26520000000083,37.77"
888,9.349793451,"-122.26480000000083,37.77"
889,9.943545396,"-122.26440000000083,37.77"
890,9.668629627,"-122.26400000000083,37.77"
891,9.054420944,"-122.26360000000084,37.77"
892,9.750201464,"-122.26320000000084,37.77"
893,10.12369411,"-122.26280000000084,37.77"
894,10.08994384,"-122.26240000000084,37.77"
895,10.39074177,"-122.26200000000084,37.77"
896,9.939720961,"-122.26160000000084,37.77"
897,9.981122775,"-122.26120000000084,37.77"
898,10.36816512,"-122.26080000000084,37.77"
899,10.27738735,"-122.26040000000084,37.77"
900,10.42984719,"-122.26000000000084,37.77"
901,10.3067114,"-122.25960000000084,37.77"
902,10.48332239,"-122.25920000000085,37.77"
903,10.23715328,"-122.25880000000085,37.77"
904,10.32995587,"-122.25840000000085,37.77"
905,10.48056202,"-122.25800000000085,37.77"
906,10.62221698,"-122.25760000000085,37.77"
907,10.22965489,"-122.25720000000085,37.77"
908,10.72398212,"-122.25680000000085,37.77"
909,10.32754424,"-122.25640000000085,37.77"
910,10.2745861,"-122.25600000000085,37.77"
911,10.5970789,"-122.25560000000085,37.77"
912,10.21986447,"-122.25520000000085,37.77"
913,10.40977215,"-122.25480000000086,37.77"
914,10.37647807,"-122.25440000000086,37.77"
915,10.35189189,"-122.25400000000086,37.77"
916,10.17678234,"-122.25360000000086,37.77"
917,10.10907113,"-122.25320000000086,37.77"
918,9.730663532,"-122.25280000000086,37.77"
919,9.74817927,"-122.25240000000086,37.77"
920,9.892603496,"-122.25200000000086,37.77"
921,9.816290892,"-122.25160000000086,37.77"
922,10.16235441,"-122.25120000000086,37.77"
923,10.17753516,"-122.25080000000086,37.77"
924,10.19993075,"-122.25040000000087,37.77"
925,9.626982252,"-122.25000000000087,37.77"
926,9.403788973,"-122.24960000000087,37.77"
927,9.087071122,"-122.24920000000087,37.77"
928,9.073314941,"-122.24880000000087,37.77"
929,9.274138716,"-122.24840000000087,37.77"
930,8.606917415,"-122.24800000000087,37.77"
931,8.740506051,"-122.24760000000087,37.77"
932,8.089372742,"-122.24720000000087,37.77"
933,7.754841809,"-122.24680000000087,37.77"
934,7.628142328,"-122.24640000000088,37.77"
935,7.627087061,"-122.24600000000088,37.77"
936,7.479221918,"-122.24560000000088,37.77"
937,7.28973354,"-122.24520000000088,37.77"
938,7.048185797,"-122.24480000000088,37.77"
939,6.822619057,"-122.24440000000088,37.77"
940,6.770295558,"-122.24400000000088,37.77"
941,6.792631532,"-122.24360000000088,37.77"
942,6.907189882,"-122.24320000000088,37.77"
943,6.966005722,"-122.24280000000088,37.77"
944,6.822201012,"-122.24240000000088,37.77"
945,6.164786701,"-122.24200000000089,37.77"
946,6.264006579,"-122.24160000000089,37.77"
947,6.247317356,"-122.24120000000089,37.77"
948,5.628175319,"-122.24080000000089,37.77"
949,5.859552881,"-122.24040000000089,37.77"
950,5.633265136,"-122.24000000000089,37.77"
951,5.147703982,"-122.23960000000089,37.77"
952,4.980675683,"-122.23920000000089,37.77"
953,4.545768546,"-122.2388000000009,37.77"
954,4.592003052,"-122.2384000000009,37.77"
955,4.409284052,"-122.2380000000009,37.77"
956,4.346770269,"-122.2376000000009,37.77"
957,4.009159095,"-122.2372000000009,37.77"
958,3.575548659,"-122.2368000000009,37.77"
959,3.505058827,"-122.2364000000009,37.77"
960,3.421359299,"-122.2360000000009,37.77"
961,3.214911255,"-122.2356000000009,37.77"
962,3.558568261,"-122.2352000000009,37.77"
963,3.613983364,"-122.2348000000009,37.77"
964,0.99167089,"-122.2344000000009,37.77"
965,1.829472383,"-122.2340000000009,37.77"
966,4.08E-04,"-122.2336000000009,37.77"
967,1.18E-38,"-122.2332000000009,37.77"
968,1.18E-38,"-122.2328000000009,37.77"
969,1.18E-38,"-122.23240000000091,37.77"
970,1.18E-38,"-122.23200000000091,37.77"
971,-0.001323691,"-122.23160000000091,37.77"
972,1.589605833,"-122.23120000000091,37.77"
973,4.961422222,"-122.23080000000091,37.77"
974,5.097730848,"-122.23040000000091,37.77"
975,4.749844708,"-122.23000000000091,37.77"
976,5.431132354,"-122.22960000000091,37.77"
977,5.374990524,"-122.22920000000092,37.77"
978,5.28569927,"-122.22880000000092,37.77"
979,5.295784606,"-122.22840000000092,37.77"
980,5.317843385,"-122.22800000000092,37.77"
981,5.369245861,"-122.22760000000092,37.77"
982,5.462092403,"-122.22720000000092,37.77"
983,5.466197956,"-122.22680000000092,37.77"
984,5.421098013,"-122.22640000000092,37.77"
985,5.301766758,"-122.22600000000092,37.77"
986,5.249591529,"-122.22560000000092,37.77"
987,5.216758658,"-122.22520000000092,37.77"
988,5.178325149,"-122.22480000000093,37.77"
989,4.159368502,"-122.22440000000093,37.77"
990,4.837117428,"-122.22400000000093,37.77"
991,5.047752207,"-122.22360000000093,37.77"
992,5.193684801,"-122.22320000000093,37.77"
993,4.720947461,"-122.22280000000093,37.77"
994,5.45641097,"-122.22240000000093,37.77"
995,5.48933116,"-122.22200000000093,37.77"
996,5.397557228,"-122.22160000000093,37.77"
997,5.921222071,"-122.22120000000093,37.77"
998,1.85489192,"-122.22080000000093,37.77"
999,1.236460007,"-122.22040000000094,37.77"
